<?xml version="1.0" encoding="utf-8"?>
<IXIT xmlns:xsi="http://www.w3.org/2001/XMLSchema-instance" xmlns:xsd="http://www.w3.org/2001/XMLSchema">
  <General>
    <GEN-ATR_REQ-PARAM>01011103020003040164</GEN-ATR_REQ-PARAM>
    <GEN-VERSION>11</GEN-VERSION>
    <GEN_MIUX>07FF</GEN_MIUX>
    <GEN-WKS>0003</GEN-WKS>
    <GEN-LTO>64</GEN-LTO>
    <GEN-RW>1</GEN-RW>
    <GEN-TECHNOLOGY>NFC-A</GEN-TECHNOLOGY>
  </General>
  <Connectionless_Transport_Service>
    <CL-SAP-DYNAMIC>0</CL-SAP-DYNAMIC>
    <CL-SAP-INBOUND>13</CL-SAP-INBOUND>
    <CL-SAP-OUTBOUND>23</CL-SAP-OUTBOUND>
  </Connectionless_Transport_Service>
  <Connection_Oriented_Transport_Service>
    <CO-SAP-DYNAMIC>0</CO-SAP-DYNAMIC>
    <CO-SAP-INBOUND>14</CO-SAP-INBOUND>
    <CO-SAP-INBOUND-NOSRV>29</CO-SAP-INBOUND-NOSRV>
    <CO-SAP-OUTBOUND>10</CO-SAP-OUTBOUND>
    <CO-PARAM-CONNECT>050100</CO-PARAM-CONNECT>
    <CO-PARAM-CC>050100</CO-PARAM-CC>
  </Connection_Oriented_Transport_Service>
</IXIT>