<?xml version="1.0" encoding="utf-8"?>
<ICS xmlns:xsi="http://www.w3.org/2001/XMLSchema-instance" xmlns:xsd="http://www.w3.org/2001/XMLSchema">
  <LLCP_Version>
    <VER_VER10>false</VER_VER10>
    <VER_VER11>true</VER_VER11>
  </LLCP_Version>
  <LLCP_Data_Transport_Services>
    <Connectionless_Mode>
      <LSC-CL>true</LSC-CL>
      <LSC-CO>true</LSC-CO>
    </Connectionless_Mode>
    <Connection_Oriented_Mode>
      <CO-NAME>true</CO-NAME>
      <CO-SDR>true</CO-SDR>
      <CO-DIRECT>true</CO-DIRECT>
      <CO-CONNECT-PARAM>true</CO-CONNECT-PARAM>
      <CO-CC-PARAM>true</CO-CC-PARAM>
    </Connection_Oriented_Mode>
    <Other>
      <PAX-NO-MIUX>true</PAX-NO-MIUX>
      <MIUX_SUPPORT>true</MIUX_SUPPORT>
    </Other>
  </LLCP_Data_Transport_Services>
</ICS>