<?xml version="1.0" encoding="utf-8"?>
<ICS xmlns:xsi="http://www.w3.org/2001/XMLSchema-instance" xmlns:xsd="http://www.w3.org/2001/XMLSchema">
  <Modes_of_Devices>
    <MOD-CEM>true</MOD-CEM>
    <MOD-RWM>true</MOD-RWM>
    <MOD-PM>true</MOD-PM>
  </Modes_of_Devices>
  <Device_Communication_Modes>
    <DCM-LM>true</DCM-LM>
    <DCM-PM>true</DCM-PM>
  </Device_Communication_Modes>
  <Polling_Technologies>
    <PT-NFC-A>true</PT-NFC-A>
    <PT-NFC-B>true</PT-NFC-B>
    <PT-NFC-F>true</PT-NFC-F>
    <Polling_Platforms>
      <PT-PP-T1T>true</PT-PP-T1T>
      <PT-PP-T2T>true</PT-PP-T2T>
      <PT-PP-T3T>true</PT-PP-T3T>
      <PT-PP-T4AT>true</PT-PP-T4AT>
      <PT-PP-T4BT>true</PT-PP-T4BT>
    </Polling_Platforms>
    <Polling_Protocols>
      <PP-ISO-DEP>true</PP-ISO-DEP>
      <PP-NFC-DEP>true</PP-NFC-DEP>
    </Polling_Protocols>
    <Polling_NFC-A_Negotiation_Capabilities>
      <PNFCA-NC-NFCID1SD>true</PNFCA-NC-NFCID1SD>
      <PNFCA-NC-NFCID1DD>true</PNFCA-NC-NFCID1DD>
      <PNFCA-NC-NFCID1TD>true</PNFCA-NC-NFCID1TD>
      <PNFCA-NC-NFCID1MDD>true</PNFCA-NC-NFCID1MDD>
      <PNFCA-NC-NFCID1MDR>true</PNFCA-NC-NFCID1MDR>
    </Polling_NFC-A_Negotiation_Capabilities>
    <Polling_NFC-B_Negotiation_Capabilities>
      <PNFCB-NC-MDD>true</PNFCB-NC-MDD>
      <PNFCB-NC-NFCID1MDR>true</PNFCB-NC-NFCID1MDR>
      <PNFCB-NC-APF>false</PNFCB-NC-APF>
      <PNFCB-NC-CLD1>true</PNFCB-NC-CLD1>
    </Polling_NFC-B_Negotiation_Capabilities>
    <Polling_NFC-F_Negotiation_Capabilities>
      <PNFCF-NC-MDD>true</PNFCF-NC-MDD>
      <PNFCF-NC-MDR>true</PNFCF-NC-MDR>
      <PNFCF-NC-BR212>true</PNFCF-NC-BR212>
      <PNFCF-NC-BR424>true</PNFCF-NC-BR424>
    </Polling_NFC-F_Negotiation_Capabilities>
    <Polling_Type_1_Tag_Platform_Negociation_Capabilities>
      <PT-T1T-NC-READ>false</PT-T1T-NC-READ>
      <PT-T1T-NC-RALL>false</PT-T1T-NC-RALL>
      <PT-T1T-NC-RSEG>true</PT-T1T-NC-RSEG>
    </Polling_Type_1_Tag_Platform_Negociation_Capabilities>
    <Polling_Type_4A_Tag_Platform_Negociation_Capabilities>
      <PT-T4AT-NC-DID>false</PT-T4AT-NC-DID>
    </Polling_Type_4A_Tag_Platform_Negociation_Capabilities>
    <Polling_Type_4B_Tag_Platform_Negociation_Capabilities>
      <PT-T4BT-NC-B8B7-DIFF>false</PT-T4BT-NC-B8B7-DIFF>
      <PT-T4BT-NC-B6B5-DIFF>false</PT-T4BT-NC-B6B5-DIFF>
      <PT-T4BT-NC-B4B3-DIFF>false</PT-T4BT-NC-B4B3-DIFF>
      <PT-T4BT-NC-INF>false</PT-T4BT-NC-INF>
      <PT-T4BT-NC-DID>false</PT-T4BT-NC-DID>
      <PT-T4BT-NC-DID-ATTRIB-DIFF>false</PT-T4BT-NC-DID-ATTRIB-DIFF>
      <PT-T4BT-NC-APS>false</PT-T4BT-NC-APS>
    </Polling_Type_4B_Tag_Platform_Negociation_Capabilities>
    <Polling_NFC-DEP_Negotiation_Capabilities>
      <P-NFC-DEP-NC-106I>true</P-NFC-DEP-NC-106I>
      <P-NFC-DEP-NC-212I>true</P-NFC-DEP-NC-212I>
      <P-NFC-DEP-NC-424I>true</P-NFC-DEP-NC-424I>
      <P-NFC-DEP-NC-DID>false</P-NFC-DEP-NC-DID>
      <P-NFC-DEP-NC-PSL-REQ>false</P-NFC-DEP-NC-PSL-REQ>
      <P-NFC-DEP-NC-DSL-REQ>true</P-NFC-DEP-NC-DSL-REQ>
      <P-NFC-DEP-NC-RSL-REQ>true</P-NFC-DEP-NC-RSL-REQ>
      <P-NFC-DEP-NC-PSL-REQ-I-DID>false</P-NFC-DEP-NC-PSL-REQ-I-DID>
      <P-NFC-DEP-NC-PNI-NQ-PNI>false</P-NFC-DEP-NC-PNI-NQ-PNI>
    </Polling_NFC-DEP_Negotiation_Capabilities>
  </Polling_Technologies>
  <Listening_Technologies>
    <LT-NFCA>true</LT-NFCA>
    <LT-NFCB>true</LT-NFCB>
    <LT-NFCF>true</LT-NFCF>
    <Listening_Platforms>
      <LT-T3T>false</LT-T3T>
      <LT-T4AT>true</LT-T4AT>
      <LT-T4BT>true</LT-T4BT>
    </Listening_Platforms>
    <Listening_Protocols>
      <LP-ISO-DEP>true</LP-ISO-DEP>
      <LP-NFC-DEP>true</LP-NFC-DEP>
    </Listening_Protocols>
    <Listening_NFCA_Negotiation_Capabilities>
      <L-NFCA-NC-NFCID1-SS>true</L-NFCA-NC-NFCID1-SS>
      <L-NFCA-NC-NFCID1-DS>false</L-NFCA-NC-NFCID1-DS>
      <L-NFCA-NC-NFCID1-TS>false</L-NFCA-NC-NFCID1-TS>
      <L-NFCA-NC-NFCID1-DG>true</L-NFCA-NC-NFCID1-DG>
      <L-NFCA-NC-DID-1>true</L-NFCA-NC-DID-1>
    </Listening_NFCA_Negotiation_Capabilities>
    <Listening_NFCB_Negotiation_Capabilities>
      <L-NFCB-NC-NFCID0-DG>true</L-NFCB-NC-NFCID0-DG>
      <L-NFCB-NC-NFCID0-AP>true</L-NFCB-NC-NFCID0-AP>
      <L-NFCB-NC-DID>true</L-NFCB-NC-DID>
      <L-NFCB-NC-SENSB-RES>false</L-NFCB-NC-SENSB-RES>
    </Listening_NFCB_Negotiation_Capabilities>
    <Listening_NFCF_Negotiation_Capabilities>
      <L-NFCF-NC-EOS>false</L-NFCF-NC-EOS>
    </Listening_NFCF_Negotiation_Capabilities>
    <Listening_NFC_DEP_Negotiation_Capabilities>
      <L-NFC-DEP-NC-RTOX>true</L-NFC-DEP-NC-RTOX>
    </Listening_NFC_DEP_Negotiation_Capabilities>
    <Listening_Type_3_Tag_Platform_Negotiation_Capabilities>
      <L-T3T-NC-BR-212>true</L-T3T-NC-BR-212>
      <L-T3T-NC-BR-424>true</L-T3T-NC-BR-424>
    </Listening_Type_3_Tag_Platform_Negotiation_Capabilities>
  </Listening_Technologies>
</ICS>